{
  "name": "Example Dark (XCoding)",
  "type": "dark",
  "css": "theme.css",
  "cssVars": {
    "--xcoding-icon-folder": "#f59e0b",
    "--xcoding-icon-ts": "#60a5fa",
    "--xcoding-icon-js": "#fbbf24"
  },
  "colors": {
    "editor.background": "#00000000",
    "editor.foreground": "#e5e7eb",
    "sideBar.background": "#0b1220",
    "sideBar.foreground": "#e5e7eb",
    "activityBar.background": "#0b1220",
    "activityBar.foreground": "#e5e7eb",
    "titleBar.activeBackground": "#00000000",
    "titleBar.activeForeground": "#e5e7eb",
    "terminal.background": "#0b1220",
    "terminal.foreground": "#e5e7eb",
    "terminalCursor.foreground": "#e5e7eb"
  }
}

